{
  "meta_title": "",
  "meta_description": "",
  "sections": [
    {
      "type": "banner-slider",
      "autoplay": 9000,
      "full_width": false,
      "slides": [
        {
          "img": "/img/uploads/capas-loja-shopee.png",
          "link": "/headset",
          "alt": "Headset banner",
          "start": "2020-04-11T05:54:06.750Z",
          "end": "2020-12-31T03:00:00.000Z",
          "mobile_img": "/img/uploads/headphone.webp"
        },
        {
          "img": "/img/uploads/capas-loja-shopee.png",
          "alt": "Banner sample two",
          "start": "",
          "end": "",
          "mobile_img": "/img/uploads/capas-loja-shopee.png"
        }
      ]
    },
    {
      "type": "info-bar",
      "enabled": true
    },
    {
      "type": "collection-shelf",
      "shuffle": true,
      "collection_id": null,
      "sort": "offers",
      "title": "",
      "headless": false,
      "limit": 12,
      "page": 1
    },
    {
      "type": "dynamic-showcase",
      "load_more": true,
      "sort": "news"
    },
    {
      "type": "collection-shelf",
      "shuffle": false,
      "limit": 12,
      "page": 1,
      "collection_id": "61c3217f0c7c727225dc06aa:categories:Anéis:/aneis"
    }
  ]
}